{
    "version": "v1.0",
    "data": [
        {
            "paragraphs": [
                {
                    "id": "TEST1",
                    "context": "安全生产检测检验机构资质申请书单位名称（盖章）：湖北航天化学技术研究所,填表日期：2019年12月06日,申请单位基本情况:单位名称湖北航天化学技术研究所,注册地址：湖北省襄阳市清河路58号，邮政编码：441003，实验室地址：湖北省襄阳市清河路58号，基本信息，公开网址：www.htjc.casc42.cn，电子信箱：aqjsyth@163.com，传真：0710-3219111，联系人：李军，职务：综合办公室主任，固定电话：0710-3219202，移动电话：13487151431，主持检测检验庞爱民职务：工作负责人，中心主任，固定电话：0710-3219069，移动电话：13396100568，法定代表人:庞爱民，职务：中心主任，固定电话：0710-3219069移动电话：13396100568，统一社会信用代码：12100000615672233G，上级主管单位（部门）名称：航天科技集团有限公司第四研究院，申请类型口初次口变更（原证书号：有效期至：日）口增项（原证书号：有效期至：日）口延续（原证书号：有效期至：日）三、申请业务范围相关信息申请的行业（领域）：口煤矿口金属非金属矿山口其他申请的检测检验对象：_111项申请的授权签字人：4名设备设施特点：固定离开固定设施的现场口临时口可移动固定资产：61144万元，工作场所建筑面积：1600平方米,与申请的业务范围相关的设备设施原值：3105.03万元，设备43台（套），设施4台（套）与申请的业务范围相关的检测检验管理体系内现有在编人员34名，现有专业技术人员25名，其中，具有中级及以上注册安全工程师9名，占比36%；具有中级及以上技术职称25名，占比100%，高级技术职称19名，占比76%,检测检验管理体系文件初始运行时间：2011年11月最新版本管理手册编号及实施日期：编号JCJYZX-SC-2018实施日期2018年9月10日,其他管理体系文件（程序文件、作业指导书、记录格式等）说明：无，检测检验能力考核：最近5年内参加检测检验能力考核项目共5项.固定资产书面承诺：截至2018年12月，湖北航天化学技术研究所有固定资产61144万元，其中与检测检验相关的固定资产为7724.78万元。特此证明！湖北航天化学技术研究所.法定代表人承诺书 本人庞爱民是湖北航天化学技术研究所法定代表人，现代表我单位承诺如下：一、我单位自愿申请安全评价检验检测机构资质。本人已经认真学习、了解并掌握《安全生产法》、《行政许可法》、《行政处罚法》及《安全评价检测检验机构管理办法》等法律法规的相关规定，知悉开展安全评价检验检测工作的法律责任、义务、权利和风险。二、本人承诺湖北航天化学技术研究所满足《安全评价检测检验机构管理办法》所规定的资质条件要求，本人及单位三年内无重大违法失信行为，申请资质所提交的有关材料真实、合法、有效，并对其真实性、合法性承担相应法律责任，接受并配合有关部门对本单位开展的专业能力审查。三、如能获准资质，本单位将严格按照法律法规、规章标准的要求开展安全评价活动，遵守执业准则和职业道德，并对作出的检测检验结果承担法律责任，自觉接受应急管理部门等行政执法部门的监督检查。法定代表人：庞爱民（签名）。",
                    "qas": [
                        {
                            "question": "单位名称是什么？",
                            "id": "TEST1_QUERY_1",
                            "answers": [
                                {
                                    "text": "湖北航天化学技术研究所",
                                    "answer_start": 1
                                }
                            ]
                        },
                        {
                            "question": "注册地址在哪？",
                            "id": "TEST1_QUERY_2",
                            "answers": [
                                {
                                    "text": "湖北省襄阳市清河路58号",
                                    "answer_start": 2
                                }
                            ]
                        },
                        {
                            "question": "法定代表人是谁？",
                            "id": "TEST1_QUERY_3",
                            "answers": [
                                {
                                    "text": "庞爱民",
                                    "answer_start": 3
                                }
                            ]
                        },
                        {
                            "question": "固定资产是多少？",
                            "id": "TEST1_QUERY_4",
                            "answers": [
                                {
                                    "text": "61144万元",
                                    "answer_start": 3
                                }
                            ]
                        },
                        {
                            "question": "专业技术人员多少名？",
                            "id": "TEST1_QUERY_5",
                            "answers": [
                                {
                                    "text": "25名",
                                    "answer_start": 3
                                }
                            ]
                        },
                        {
                            "question": "中级及以上注册安全工程师多少名？",
                            "id": "TEST1_QUERY_6",
                            "answers": [
                                {
                                    "text": "9名",
                                    "answer_start": 3
                                }
                            ]
                        },
                        {
                            "question": "中级及以上技术职称多少名？",
                            "id": "TEST1_QUERY_7",
                            "answers": [
                                {
                                    "text": "25名",
                                    "answer_start": 3
                                }
                            ]
                        },
                        {
                            "question": "高级技术职称多少名？",
                            "id": "TEST1_QUERY_8",
                            "answers": [
                                {
                                    "text": "19名",
                                    "answer_start": 3
                                }
                            ]
                        }

                    ]
                }
            ],
            "id": "TEST1",
            "title": "安全生产检测检验机构资质认可申请书及附表"
        },
        {
            "paragraphs": [
                {
                    "id": "TEST2",
                    "context": "安全生产检测检验机构资质申请书及材料清单，单位名称：武汉鑫盛安安全检测有限公司，填表日期：2019年11月28日二、申请书及附表1、申请单位基本情况单位名称，单位名称：武汉金盛安安全检测有限公司，注册地址：武汉市青山区青和居公租房小区20号综合商业楼五层505A室，办公地址：国际钢铁物流服务中心（钢谷）一期4栋706室，基本信息公开，网址：www. ssjacn. com，电子信箱：609743247@qq.com，联系人：方涛，固定电话：027-86861978，主持检测检验：严小平，固定电话：027-86861978，法定代表人：程伟，固定电话：027-86861978，统一社会信用代码：91420107MA4KMUF423，上级主管单位（部门）名称：湖北省应急管理厅。法定代表人承诺书 本人程伟是武汉金盛安安全检测有限公司法定代表人，现代表我单位承诺如下：一、我单位自愿申请安全评价检验检测机构资质。本人已经认真学习、了解并掌握《安全生产法》、《行政许可法》、《行政处罚法》及《安全评价检测检验机构管理办法》等法律法规的相关规定，知悉开展安全评价检验检测工作的法律责任、义务、权利和风险。二、本人承诺武汉金盛安安全检测有限公司满足《安全评价检测检验机构管理办法》所规定的资质条件要求，本人及单位三年内无重大违法失信行为，申请资质所提交的有关材料真实、合法、有效，并对其真实性、合法性承担相应法律责任，接受并配合有关部门对本单位开展的专业能力审查。三、如能获准资质，本单位将严格按照法律法规、规章标准的要求开展安全评价活动，遵守执业准则和职业道德，并对作出的检测检验结果承担法律责任，自觉接受应急管理部门等行政执法部门的监督检查。法定代表人：程伟（签名）。固定资产书面承诺：截至2019年8月，武汉金盛安安全检测有限公司固定资产80755万元。特此证明！",
                    "qas": [
                        {
                            "question": "单位名称是什么？",
                            "id": "TEST2_QUERY_1",
                            "answers": [
                                {
                                    "text": "武汉鑫盛安安全检测有限公司",
                                    "answer_start":4
                                }
                            ]
                        },
                        {
                            "question": "注册地址在哪？",
                            "id": "TEST2_QUERY_2",
                            "answers": [
                                {
                                    "text": "武汉市青山区青和居公租房小区20号综合商业楼五层505A室",
                                    "answer_start": 5
                                }
                            ]
                        },
                        {
                            "question": "法定代表人是谁？",
                            "id": "TEST2_QUERY_3",
                            "answers": [
                                {
                                    "text": "程伟",
                                    "answer_start": 6
                                }
                            ]
                        },
                        {
                            "question": "固定资产是多少？",
                            "id": "TEST1_QUERY_4",
                            "answers": [
                                {
                                    "text": "80755万元",
                                    "answer_start": 3
                                }
                            ]
                        }
                    ]
                }
            ],
            "id": "TEST2",
            "title": "安全生产检测检验机构资质申请书及材料清单"
        },
        {
            "paragraphs": [
                {
                    "id": "TEST3",
                    "context": "安全生产检测检验机构资质申请书及材料清单：单位名称（盖章)：湖北景深安全技术有限公司，填表日期：2022年8月12日，申请单位基本情况，单位名称：湖北景深安全技术有限公司，注册地址：宜昌市西陵区渭河四路86号，邮政编码：443000，实验室地址：宜昌市西陵区渭河四路86号，基本信息，公开网址：http:/www.hbkings.com/，电子信箱：283875755@qq.com，传真：0717-6335315，联系人：郭辉，职务部门负责人，固定电话：0717-6335402，移动电话：17671337263，主持检测检验：黄兆云，职务：总经理，固定电话：0717-6335002，移动电话：13872499222，法定代表人：黄兆云，职务：总经理，固定电话：0717-6335002，移动电话：13872499222，统一社会信用代码：91420500662296752N，上级主管单位（部门）名称，二、申请类型：口初次变更（原证书号：有效期至：年月日)增项（原证书号：鄂应急1902号有效期至：2024年10_月21_日）口延续（原证书号：有效期至：年月日)证明事项告知承诺书：依据《湖北省全面推行证明事项告知承诺制工作实施方案》规定，本部门在办理《检测检验机构资质认可》行政事项时所涉及到的以下证明可采取告知承诺，具体如下：一、基本信息(一)法人或其他组织，单位名称：湖北景深安全技术有限公司，证件类型：营业执照　证号：91420500662296752N，法定代表人（负责人）：黄兆云，地址：宜昌市西陵区渭河四路86号，联系方式：07176335002（二）行政机关，名称：湖北省应急管理厅，二、行政机关告知（一）证明事项名称《检测检验机构资质认可》（二）证明用途，申请检测检验机构资质认可时需提交的申请材料（三）设定证明的依据号）、《应急管理部关于认真贯彻落实<安全评价检测检验机构管理办法>的通知》（应急（2019）52号）（四）证明的内容，1.工作场所及档案室面积证明资料；2.固定资产法定证明材料或书面承诺：3.检测检验设施、设备原值证明：4.检测检验专业技术人员证明：5.检测检验负责人、授权负责人证明材料；6.截至申请之日三年内无重大违法失信记录的查询证明或单位声明。（五）告知承诺适用对象本证明事项申请人可自主选择是否采用告知承诺代替证明，申请人不愿承诺或无法承诺的，应当提交规定的证明材料。（六）承诺的方式本证明事项采用书面承诺方式，申请人愿意作出承诺的应当向本机关提交法人签字后的告知承诺书原件。(七)承诺的效力申请人书面承诺已经符合告知的条件、要求，并愿意承担不实承诺的法律责任后。(八）不实承诺的责任申请人作出虚假承诺的，行政机关依法撤销已作出的行政决定，申请人对依据决定发生的行为给第三方造成的影响、损失和产生的法律后果，依法承担相应的法律责任。同时，将申请人列入政务服务诚信档案黑名单，开展联合惩戒。发现申请人有违法行为的，应当依据相关法律法规规定作出。固定资产书面承诺：截至2020年12月，湖北景深安全技术有限公司固定资产78160万元。特此证明！66106档案室面积：28.1m2+56m2=84.1m2档案室面积66102",
                    "qas": [
                        {
                            "question": "单位名称是什么？",
                            "id": "TEST3_QUERY_1",
                            "answers": [
                                {
                                    "text": "湖北景深安全技术有限公司",
                                    "answer_start": 7
                                }
                            ]
                        },
                        {
                            "question": "注册地址在哪？",
                            "id": "TEST3_QUERY_2",
                            "answers": [
                                {
                                    "text": "宜昌市西陵区渭河四路86号",
                                    "answer_start": 8
                                }
                            ]
                        },
                        {
                            "question": "法定代表人是谁？",
                            "id": "TEST3_QUERY_3",
                            "answers": [
                                {
                                    "text": "黄兆云",
                                    "answer_start": 9
                                }
                            ]
                        },
                        {
                            "question": "固定资产是多少？",
                            "id": "TEST3_QUERY_4",
                            "answers": [
                                {
                                    "text": "78160万元",
                                    "answer_start": 9
                                }
                            ]
                        },
                        {
                            "question": "档案室面积是多少？",
                            "id": "TEST3_QUERY_5",
                            "answers": [
                                {
                                    "text": "86.1m2",
                                    "answer_start": 9
                                }
                            ]
                        }
                    ]
                }
            ],
            "id": "TEST3",
            "title": "安全生产检测检验机构资质申请书及材料清单"
        }
    ]
}