{
  "version" : null,
  "data" : [ {
    "paragraphs" : [ {
      "id" : null,
      "context": "名称湖北景深安全技术有限公司注册资本壹纤万圆整类型有限责任公司（自然人投资或控股）成立日期2007年07月13日法定代表人黄兆云营业期限长期经营范围净可项目：安全评价业务：安全生产检验检测，检验检测服务：住职业卫生技术课务：空内环填检测：消防技术服务（依法须经械所宜昌市西陵区滑河四路86号准的项目，经相关密门设准后方可开展经营活动，其体经我项目以相关部准文件或许可证件为准）股项目：安全咨询服务，标准化服务，平境保护监润：环保咨淘服务：主第环现污染防治里务：大利相关咨询服务：信息系统集成服务：网终与信息安全款样开发：款件开发：安全技本防范系统设计工服务：信易安全设销售：电子产品销售（除许司）业务外，可自主依法经营法神法规非禁止或限制的项门）登记机关2021年5月18日营业执照统一社会信用代码二作科骨泵国91420500662296752N全业EN7家更便记各室，奔用速能信2，名称湖北景深安全技术有限公司注册资本壹竹万圆整类型有限责任公司（自然人投资或控股）成立日期2007年07月13日法定代表人黄兆云营业期限长期经营范n本可项目：安全评价业务：安全生产检验检测：检验检测服务：住职业卫生技术票务：室内环境检测：消防技术服务（依法须经批所宜昌市西陵区滑河四路86号准的项目，经相关密门批准品方可开展经营活动，具体经营项目以相关部（批准文件或许可证件为准）股项目：安全咨询赚务：标准化服务：平境保护监润：环保咨询服务：主靠环境污染防治服务：水利相关咨询服务：信息系统集成服务：网终与信息安全软件开发：软性开发：安全技本防范系统设计族工服务：信息安全设备销售：电子产品销售（除许可业务外，可自主依法经营法神法规非禁止或限制的项门）登记机关2021年0月18日N国家市场监督产理总监制",
      "qas" : [ {
        "question" : "申请日期是什么时候？用yyyy-MM-dd的格式回答，比如2022-01-28,不按格式给零分",
        "id" : "q1",
        "answers" : [ {
          "text" : "",
          "answer_start" : 0
        } ]
      },
{
        "question" : "这段文本含有长期两个字吗",
        "id" : "q2",
        "answers" : [ {
          "text" : "",
          "answer_start" : 0
        } ]
}

]
    } ],
    "id" : null,
    "title" : null
  } ]
}
