[
    {
        "idx": 1,
        "answer": "湖北航天化学技术研究所",
        "score": 0.9760168194770813
    },
    {
        "idx": 2,
        "answer": "湖北省襄阳市清河路58号",
        "score": 0.9655447602272034
    },
    {
        "idx": 3,
        "answer": "庞爱民",
        "score": 0.9693331718444824
    },
    {
        "idx": 4,
        "answer": "61144万元",
        "score": 0.9229294061660767
    },
    {
        "idx": 5,
        "answer": "25名",
        "score": 0.8908069133758545
    },
    {
        "idx": 6,
        "answer": "9名",
        "score": 0.9441633820533752
    },
    {
        "idx": 7,
        "answer": "25名",
        "score": 0.8428280353546143
    },
    {
        "idx": 8,
        "answer": "19名",
        "score": 0.7273626923561096
    },
    {
        "idx": 9,
        "answer": "武汉鑫盛安安全检测有限公司",
        "score": 0.27746883034706116
    },
    {
        "idx": 10,
        "answer": "综合商业楼五层505A室",
        "score": 0.0003201350336894393
    },
    {
        "idx": 11,
        "answer": "程伟",
        "score": 0.943915605545044
    },
    {
        "idx": 12,
        "answer": "80755万元",
        "score": 0.8528534173965454
    },
    {
        "idx": 13,
        "answer": "湖北景深安全技术有限公司",
        "score": 0.7739124298095703
    },
    {
        "idx": 14,
        "answer": "宜昌市西陵区渭河四路86号",
        "score": 0.9047353863716125
    },
    {
        "idx": 15,
        "answer": "黄兆云",
        "score": 0.943432629108429
    },
    {
        "idx": 16,
        "answer": "78160万元",
        "score": 0.8830645680427551
    },
    {
        "idx": 17,
        "answer": "84.1m2",
        "score": 0.38829684257507324
    }
]
